0,1,2,3,4,5,6,7,8,9,10
10050459f3606fa0.email,e427dd12d1d6d13e.email,d70a5453b567e146.email,b0378a610086dded.email,cc05b37e74793192.email,19b3c0fd8ee261cd.email,322c8f2bcbb5d776.email,bd6af8e8b6e773f3.email,eb2c9fd49d5bdbb2.email,86d5adda3f94ce3c.email,9d6d7afe5bd5652.email
1005a4968431c0f7.email,ba7f2199e231ac3d.email,c490322d89fa0173.email,b30652284b613cd0.email,c49784c401ec6821.email,c595b76aaff7b4af.email,6f231c89448c5feb.email,30963e9a34312358.email,fe13d0fee173bc0.email,b15149db16f76231.email,488516b6769b3a93.email
1008506a9605b5f8.email,a212afc228214a2b.email,ef44f64b3939c4b4.email,2cab2adeaa1a57fe.email,a3932ebf115321a1.email,92f6657813ad2c1c.email,888cba264dff975f.email,6afa856e673d6f69.email,39a906250b9d2f80.email,8ef16417b282d0d8.email,6c035b2c9d1562c8.email
10096f47aee760f8.email,ea4fa9c9690a548d.email,1d29597b7a646fff.email,532aaf258e25fbba.email,7f532c798a28acff.email,62906f80341486ce.email,1d3d9e0ae5183090.email,fc791fa1d19f362f.email,45406eca1772fdff.email,3769d3047e7f6580.email,ed5234f3bda6f10d.email
10148c2e4f11ed18.email,b4964bc15160f2bd.email,b3400b17114795bb.email,69fa4753c0d0184c.email,a8ca5570d7902c77.email,ebbb5f9a3ba2164b.email,f0a763ba9fb0fd75.email,aa3e29d5b04d5da0.email,3101ef84d7edd543.email,63aa5b3c0109ccdd.email,e5c0d6e408efa5f2.email
101d51d16b641a95.email,ac4d238ea28af471.email,2babdc134ed313d5.email,57910c62503e5193.email,7d56ed2d4c932c20.email,8aa5c3109649e297.email,ab7e22f5e29013cf.email,7620516ec426c24a.email,d248fab93fc1c63.email,d3de7e54986d7dd4.email,246080d54485c411.email
101fd6e98cd331cf.email,8b90ebee93b1db69.email,c6df872ec3a3926c.email,333efbda4f188dfe.email,67723f9fb25c5175.email,45b6cc9f26aac146.email,8b63ac7d70ae0d54.email,fa279326cfc2a62d.email,23f7b6e36a35b9d6.email,d829581cdb2fa4e2.email,e3cdc606232982d6.email
10248d87e9ed8170.email,6706e69fd176a643.email,f99594a13ac2aa03.email,36e1f10d96eae798.email,dc2d069eff1bd8cf.email,c646fb9d6fd5122d.email,88e2b5d176259beb.email,20e1ab0be875c18f.email,156bd2961fab9ab2.email,13947ac007fcb491.email,402acf701070d99d.email
10274d2238a650b0.email,a7023b208de4fb3c.email,2aa8e8bfe9390009.email,238a73f5a1c31876.email,24c137fd200b46bd.email,2d2462c8d522088e.email,5f2f1e1263dde69.email,facffab8f3f5307d.email,d3504342cf284e2d.email,6dfa80d1c0c45942.email,ed88e1dc684fc097.email
1028eed818f6d656.email,144329637a416c53.email,97ea421bfa461d51.email,5c24fbeddc507c71.email,aec2bbeeb4169dc7.email,ce3c0fd225c3c471.email,7d6b86570ca81e8b.email,eadceb0771e64669.email,622d272a2282b75b.email,f7819aad29b22ef9.email,3ffbb39845055c3d.email
